,target,feature_0,feature_1,feature_2,feature_3,feature_4
0,0.0,0.6468540800720347,-0.02133280856811831,97.78099057846532,1.528104691935328,-1.528104691935328
1,0.0,0.7365620544672583,0.016496665932942935,60.30192153238909,-1.1996855832655533,1.1996855832655533
2,0.0,0.5503278506629263,-0.04444441317053696,46.769165839270876,-0.0425240317885216,0.0425240317885216
3,0.0,0.5421358123998922,-0.0244449471553238,44.86517871771583,2.4817863984029156,-2.4817863984029156
4,0.0,0.4992467870589191,-0.008653260897486362,47.33367492695546,1.735115980299935,-1.735115980299935
5,0.0,0.6148706438956912,0.01037633090844946,4.010626225955683,-3.954555759752822,3.954555759752822
6,0.0,0.5630760288556891,-0.015226887083366109,70.38936724091101,-0.09982316494882126,0.09982316494882126
7,0.0,0.5570950141517538,-0.008882254521348314,74.55181834797024,-2.302714416595396,2.302714416595396
8,0.0,0.6115008086972431,-0.021924081136104997,91.36137276577371,-2.206437703587116,2.206437703587116
9,0.0,0.45430373085992715,-0.027530219519930295,87.05340022989947,-1.1788029961232553,1.1788029961232553
10,0.0,0.32659840429644743,0.01307846875772212,41.53116900098286,-1.711912857678244,1.711912857678244
11,0.0,0.5228758057851319,-0.025495726340576775,96.10309029454397,0.9085470139259502,-0.9085470139259502
12,0.0,0.5944925110057093,-0.04317432057567131,5.08721517827202,-0.47792454970601317,0.47792454970601317
13,0.0,0.5044047950873921,-0.009635024466763236,36.525562249343146,-1.7566499670143432,1.7566499670143432
14,0.0,0.7834774676192546,0.0152794141989926,7.85552429080928,-1.1122735345091486,1.1122735345091486
15,0.0,0.5705745705054116,0.0024960762151887373,47.88135808701276,-1.3326513452514663,1.3326513452514663
16,0.0,0.2808024829333535,-0.03468252496715992,60.228437453107496,0.9881581463152123,-0.9881581463152123
17,0.0,0.5144062890406949,0.002947980429572819,55.875927446058384,-2.410316527531602,2.410316527531602
18,0.0,0.7498048943122001,0.016412820382693025,0.9259473345254898,-1.3738645966981973,1.3738645966981973
19,0.0,0.4798827663322942,-0.002850820101565652,56.663233147379756,-3.7081914786034496,3.7081914786034496
20,0.0,0.3292609860367303,-0.01914227138203374,39.995701082443006,-7.105979631668157,7.105979631668157
21,0.0,0.5582557099303604,0.0459105076907774,6.508306792467222,-0.6927628091192788,0.6927628091192788
22,0.0,0.4683969815050769,-0.0012741907106035193,85.37988229708726,-0.27112760228098853,0.27112760228098853
23,0.0,0.5073066445716775,0.025072353523469443,68.52702793170732,-3.4843300408128837,3.4843300408128837
24,0.0,0.39431071108764204,0.009820830072452415,83.49988091758789,2.5395092479752153,-2.5395092479752153
25,0.0,0.5134467587507352,0.01882420145028481,85.09720271120241,-4.908731349197529,4.908731349197529
26,0.0,0.41906578480760603,-0.01004572865517637,71.13304846911807,-1.9084829653971078,1.9084829653971078
27,0.0,0.6019624492180463,0.018246585105759563,10.058364141986031,-2.374367700051667,2.374367700051667
28,0.0,0.6029771801351259,0.01673099405651114,66.26243357284763,1.065558428716915,-1.065558428716915
29,0.0,0.4862125658671829,0.008799261701989252,52.95971381760026,0.93871753980057,-0.93871753980057
30,0.0,0.4859133269922608,0.010180355321034897,49.66722640847995,-1.6901051486061673,1.6901051486061673
31,0.0,0.36043781620637805,-0.012838709235862679,36.594812526341634,-1.2436749607956528,1.2436749607956528
32,0.0,0.564869471675374,0.008140606168251322,0.0439590248442423,-3.7755714952602255,3.7755714952602255
33,0.0,0.47672991872820447,0.03260612182253963,57.16716562534623,-5.961592936447854,5.961592936447854
34,0.0,0.5100391195700786,0.02325632063973011,70.88768174881106,-2.695824298652305,2.695824298652305
35,0.0,0.6672818789485133,0.01888629351146028,5.830047060933518,-1.6873020617920398,1.6873020617920398
36,0.0,0.5915246086626318,-0.0064222288301336895,79.81027218443066,0.4605813614554415,-0.4605813614554415
37,0.0,0.573449474173799,0.007805213551454974,88.98396367752842,0.4047596975688226,-0.4047596975688226
38,0.0,0.46916114619041466,0.016245722206875545,51.924058106131035,-2.7746536348159045,2.7746536348159045
39,0.0,0.5755657454430302,0.026528299271831597,95.08755836997159,-2.604605501150671,2.604605501150671
40,0.0,0.5715480790279168,0.04657803167627971,93.35755506623318,-4.097105930134186,4.097105930134186
41,0.0,0.5152148017484794,-0.0033610088641839843,79.04245103373387,-4.84003587435795,4.84003587435795
42,0.0,0.8997483553929483,0.055652287480795974,80.55970591426163,-5.412540381250025,5.412540381250025
43,0.0,0.6979080269880436,0.02045283010235309,58.53638891431242,1.9015507904635793,-1.9015507904635793
44,0.0,0.5999314768391485,0.05344888075506937,6.581357938293941,-3.019304363503307,3.019304363503307
45,0.0,0.6761033209220577,0.05478252721999678,65.10865771858847,-2.8761486032223726,2.8761486032223726
46,0.0,0.7121157984102664,0.04884784895425002,37.69791687752132,-4.505590720099852,4.505590720099852
47,0.0,0.7039858113694513,0.04442658139366106,12.181235816397717,-0.4450192883361799,0.4450192883361799
48,0.0,0.7650437359172889,0.06654636413665375,38.68873493049924,-5.227795695115903,5.227795695115903
49,0.0,0.659703874965455,0.042059070234079204,32.5846204438053,-2.4254805604279372,2.4254805604279372
50,0.0,0.6719605558823359,0.004004181832163605,31.684066620317463,-3.7909331223873513,3.7909331223873513
51,0.0,0.5828831717528214,0.06041086461657802,20.645649992192695,-1.226195004281476,1.226195004281476
52,0.0,0.6748386749037594,0.07873009283679983,88.84814552301614,-3.0216102751377463,3.0216102751377463
53,0.0,0.516901919231154,0.02780704210345641,86.76840237230425,-4.361264368244824,4.361264368244824
54,0.0,0.9175724241862434,0.059376144073956284,41.34259665497058,-2.0563644566773096,2.0563644566773096
55,0.0,0.8644883335498719,0.05025010595597364,69.41267799191571,-1.1433362589391647,1.1433362589391647
56,0.0,0.7024330742545545,0.08102767341833593,89.06720046696076,-1.8669655552336641,1.8669655552336641
57,0.0,0.662872769098956,0.05948331179983864,22.74865175983132,-1.3950562045204373,1.3950562045204373
58,0.0,0.6922797699592166,0.038024650514878286,72.05719172903905,-3.268644187361927,3.268644187361927
59,0.0,0.7532317825778425,0.05998377662650665,60.72609813761037,-2.725482331974276,2.725482331974276
60,0.0,0.5608181589129648,0.02536215189939115,64.06392188755353,-3.344920895551902,3.344920895551902
61,0.0,0.7586684697579478,0.07067328907070784,51.70488348792237,-2.719106323081083,2.719106323081083
62,0.0,0.5437325707900728,0.049117384715623325,58.8409293528943,-3.6262925640889083,3.6262925640889083
63,0.0,0.7359006107464864,0.08524850304791265,49.59630134096944,-5.452565204663354,5.452565204663354
64,0.0,0.7140075491927302,0.05542106632869749,94.3953896269099,-1.6451477154924943,1.6451477154924943
65,0.0,0.5939439286674204,0.06488397985415993,49.77823503286647,-2.8035618724165237,2.8035618724165237
66,0.0,0.5591253758653745,0.056253292268218624,65.38053762830324,-5.260396693932089,5.260396693932089
67,0.0,0.6164068433281314,0.06873721603321792,44.04272254124193,-1.0744354889484518,1.0744354889484518
68,0.0,0.6507211866914393,0.04853028861283132,68.76439703095828,-3.8145967287664844,3.8145967287664844
69,0.0,0.5586842894386052,0.034201251720477326,45.02227119814584,-1.896109208407722,1.896109208407722
70,0.0,0.5161836318214276,0.07089092550501426,91.37084083633397,-0.5418188756449263,0.5418188756449263
71,0.0,0.681896666364976,0.06835765334203553,98.49693816377149,-1.7420341784851787,1.7420341784851787
72,0.0,0.9077525305107386,0.06551763439380741,28.100979124094682,0.27880136908660136,-0.27880136908660136
73,0.0,0.6223421725888302,0.08348320434759722,55.187119364694546,-4.469651640707305,4.469651640707305
74,0.0,0.4510061866102656,0.05747208091843205,87.024739328924,-1.195316717644902,1.195316717644902
75,0.0,0.7464439754785365,0.09251202429655431,22.59792899795262,-3.3696201818806264,3.3696201818806264
76,0.0,0.4688907788819415,0.050214620729885744,75.67536720548155,-3.7415942983637636,3.7415942983637636
77,0.0,0.5395744633052924,0.05130719397053151,32.955644446696596,-3.157699329528831,3.157699329528831
78,0.0,0.6136436059841887,0.039441157023545316,79.07463159320545,-2.6231050642547453,2.6231050642547453
79,0.0,0.4599559561395552,0.06154090488386106,57.34959242544324,-1.887669315540509,1.887669315540509
80,0.0,0.7169590610587031,0.10254692840933838,83.77673162945233,-4.3302996815667125,4.3302996815667125
81,0.0,0.6904035304745181,0.06387094099105686,41.658640224622005,-0.1983470260916258,0.1983470260916258
82,0.0,0.5551196744064394,0.08759906059597636,61.56192845664468,-1.0686751205390803,1.0686751205390803
83,0.0,0.37135510658307064,0.044149431409449644,62.747624967539586,-5.0724873725544475,5.0724873725544475
84,0.0,0.72470387277348,0.06944441698076585,13.136501709983028,0.9765043875911994,-0.9765043875911994
85,0.0,0.6982144446306585,0.07139214366259035,99.46796551716078,1.7917783520611663,-1.7917783520611663
86,0.0,0.6079244682233368,0.054860033427976865,19.627560326642158,0.3575591423193014,-0.3575591423193014
87,0.0,0.5465597951742625,0.0877713404693117,67.49430939947321,-2.3598496716247017,2.3598496716247017
88,0.0,0.4488803766784961,0.06269491861127764,18.33196133705537,-4.141505243021085,4.141505243021085
89,0.0,0.5373712151300398,0.07478171012486472,9.684145088737361,0.10890345386227329,-0.10890345386227329
90,0.0,0.42599034496801563,0.04984289850125802,97.8631578688829,-2.8063538939463593,2.8063538939463593
91,0.0,0.3250457006992785,0.03640579099974297,89.25533512614413,0.4448901407648549,-0.4448901407648549
92,0.0,0.48948849849100834,0.043012284568183845,86.39149196132628,-1.5834500438462795,1.5834500438462795
93,0.0,0.4693902141878367,0.08100104103617985,5.8599498507356795,-0.046721927032574495,0.046721927032574495
94,0.0,0.6252133662435745,0.10716500326790122,60.10437469153659,-1.2872672056511962,1.2872672056511962
95,0.0,0.46387651591391194,0.08704528717718592,36.32923238649375,-0.5868536636161037,0.5868536636161037
96,0.0,0.4527540909499353,0.056391868045608376,38.55079761849488,-1.978999958558359,1.978999958558359
97,0.0,0.5844515697626925,0.0727237017614404,91.75218810914603,1.5717409878116704,-1.5717409878116704
98,0.0,0.6874725540745629,0.0903431970637222,12.372727335162004,-1.7461758145927602,1.7461758145927602
99,0.0,0.8532484354523975,0.09438264009414717,38.87587899422442,-1.1960212731105968,1.1960212731105968
100,0.0,0.48675083874652375,0.07712813530532824,65.69784650114774,1.7663013941125087,-1.7663013941125087
101,0.0,0.6916243642271235,0.08773243327014718,16.174056568478957,-4.695518122284893,4.695518122284893
102,0.0,0.45396804597112417,0.049070512133824705,29.681646589139067,-4.540969996971468,4.540969996971468
103,0.0,0.4640002927918739,0.06837989691648423,5.313361421194451,-0.06120658368397769,0.06120658368397769
104,0.0,0.5415382682557364,0.07924938527069529,63.03721363770228,-4.34624681022832,4.34624681022832
105,0.0,0.629562149948417,0.08465849837708861,51.352707146276245,1.8872423712985853,-1.8872423712985853
106,0.0,0.5478137096817267,0.07150805685455926,88.35849871409535,-2.8272379615194945,2.8272379615194945
107,0.0,0.39134686389070317,0.08036160146926231,64.64357785574984,-3.4949096228815155,3.4949096228815155
108,0.0,0.5376549607992397,0.09125119467542508,76.80244600915492,1.8458840529607694,-1.8458840529607694
109,0.0,0.7038092994331965,0.07448294398329049,18.431637720489192,0.9610295828688487,-0.9610295828688487
110,0.0,0.38212426159378804,0.08304279230243392,93.62756413158446,1.7351179208531398,-1.7351179208531398
111,0.0,0.49199502542215545,0.09642414678946917,61.995453279383504,-0.18791068344922945,0.18791068344922945
112,0.0,0.35424806362826444,0.09384561942265664,95.37840262403648,-3.722451370109405,3.722451370109405
113,0.0,0.5175059380815729,0.09017037376149997,34.086128236239624,1.8201299061980674,-1.8201299061980674
114,0.0,0.4045268868093716,0.085257237151239,80.89945440451422,-2.536006741902761,2.536006741902761
115,0.0,0.30301024263849424,0.08453019634025305,15.473065415166133,-0.3950872084072097,0.3950872084072097
116,0.0,0.4546609543682697,0.09768391768895585,69.49942967602142,-0.10549606445250403,0.10549606445250403
117,0.0,0.4247878909706497,0.10727512076653134,7.32585235466523,-2.3100201861816685,2.3100201861816685
118,0.0,0.41880274879216245,0.04475835038587763,99.45509970264399,-0.7718412593078394,0.7718412593078394
119,0.0,0.5488683461846939,0.09941579807808934,41.97165765234689,-0.1555866568669464,0.1555866568669464
120,0.0,0.356301354932966,0.08477857938282223,25.819803731808953,-1.247148937688741,1.247148937688741
121,0.0,0.4049971199648467,0.08477338593047636,97.58341688507934,-4.198801581168389,4.198801581168389
122,0.0,0.267031050990357,0.06084573446098292,83.02142741796565,-1.403523651587888,1.403523651587888
123,0.0,0.6268081359143863,0.10491403580907166,6.468834434144533,0.6527717933740607,-0.6527717933740607
124,0.0,0.22780514188267026,0.06735246370863639,19.661257189150106,-3.3891357194627307,3.3891357194627307
125,0.0,0.4183080001366205,0.07812333936282767,43.01216456189536,-2.2992690806553417,2.2992690806553417
126,0.0,0.3998415600655199,0.08462631626082717,25.679031017012743,-2.8703071034432748,2.8703071034432748
127,0.0,0.5295144243820339,0.10092266287248766,25.39086851553153,1.6985274569586837,-1.6985274569586837
128,0.0,0.21951355456153132,0.06946667940199773,41.023056790067656,-0.6554104859751291,0.6554104859751291
129,0.0,0.3043515056233013,0.10943744217720147,28.587185967609074,-1.1850763275177791,1.1850763275177791
130,0.0,0.2395956361208984,0.08771551432774108,50.88065765200065,-3.539832148890633,3.539832148890633
131,0.0,0.32558904525294974,0.09362446027080162,54.80489186780505,-0.9215016174163655,0.9215016174163655
132,0.0,0.2183809874310178,0.10382678073844663,20.257175098551517,-3.348665321314752,3.348665321314752
133,0.0,0.426640176622952,0.0917605988972755,37.68271249864147,-1.9363388834512976,1.9363388834512976
134,0.0,0.3454578534242493,0.09558658092329997,29.58580411180045,-3.271692156757762,3.271692156757762
135,0.0,0.16087446483247336,0.04068493532713421,59.47451785808606,-0.6471334101070005,0.6471334101070005
136,0.0,0.5628962207869812,0.0915385287192318,19.178892184936824,-0.8468183667701181,0.8468183667701181
137,0.0,0.2540290135707325,0.08849548629542053,80.90878145292402,-2.41659751115599,2.41659751115599
138,0.0,0.3746255478299797,0.08870992442923262,46.187335331772516,-1.2079865746767093,1.2079865746767093
139,0.0,0.32358152093827325,0.1389659749071328,31.632856952880704,-4.186123017461012,4.186123017461012
140,0.0,0.40271755230378636,0.1119683157665798,3.407406780636446,-4.982515185411211,4.982515185411211
141,0.0,0.38697607955942787,0.12381460357801366,54.751790620141946,-1.121216597470926,1.121216597470926
142,0.0,0.39052892145485496,0.10288423515571297,4.215797771386098,-1.6666530092549419,1.6666530092549419
143,0.0,0.3139828889120248,0.11943151713056122,13.241033818437876,-0.7299371262157872,0.7299371262157872
144,0.0,0.4720803095261616,0.11373033338704913,29.728112905444892,2.766289549727884,-2.766289549727884
145,0.0,0.19507500331262617,0.08695607807668727,35.617040689871175,-0.11104102601917232,0.11104102601917232
146,0.0,0.4049524893326638,0.0640279203352614,46.89114310444873,-3.8256444508883174,3.8256444508883174
147,0.0,0.3625565285551098,0.11410378961490045,0.18565647393096185,0.23403257619170592,-0.23403257619170592
148,0.0,0.3299098437940917,0.10300375209335409,70.13563335885928,-4.631814821023042,4.631814821023042
149,0.0,0.2598084500050834,0.1011593765729343,39.747849631828956,-2.923169209629418,2.923169209629418
150,0.0,0.2793826974101232,0.1282394259575484,5.409325227562678,-2.1364832106492626,2.1364832106492626
151,0.0,0.18231215544554,0.08071661509331353,70.37125652624802,1.4266854432987333,-1.4266854432987333
152,0.0,0.264795440852262,0.08124815972447257,0.19848001315811992,-3.48950964409688,3.48950964409688
153,0.0,0.0013789814180461132,0.07349803934741625,87.51007549812849,-3.6528770773180286,3.6528770773180286
154,0.0,0.27827623650510774,0.08628541352992634,55.997803560840524,-2.196905048850865,2.196905048850865
155,0.0,0.3005811140866749,0.11203546348647127,39.76098239993616,-3.3269565727242147,3.3269565727242147
156,0.0,0.05040080200152708,0.08326340829530024,44.977344142237726,0.25327184421301396,-0.25327184421301396
157,0.0,0.1800260356003167,0.09487836625138307,89.489076587221,-4.159863016726847,4.159863016726847
158,0.0,0.17147692318505928,0.08630099969657844,48.897738951737026,-4.294937304822205,4.294937304822205
159,0.0,0.17747551727502497,0.08940518772025935,63.078858565334194,-2.875640089488868,2.875640089488868
160,0.0,0.050747465294656735,0.07914685564465535,40.85241579126735,-2.9960649013846097,2.9960649013846097
161,0.0,0.12678205250905059,0.0732709695061313,99.74283176377294,1.8590641076339716,-1.8590641076339716
162,0.0,0.03841242975770566,0.08953398695955435,23.923612003661866,-0.10115838614847839,0.10115838614847839
163,0.0,0.3386252361414157,0.13158458566247275,20.419318452481715,-1.8248975172296182,1.8248975172296182
164,0.0,0.1704703892197756,0.10978317314769387,82.58463059450264,-4.450871037660336,4.450871037660336
165,0.0,0.11425163579882562,0.06467901048448242,36.15238544518898,-0.31127404719690577,0.31127404719690577
166,0.0,0.10943580783503629,0.06432690011111723,49.7844467652444,-4.00043069477913,4.00043069477913
167,0.0,-0.057961640625464994,0.11093447404834914,94.76183082714337,-5.089542193555223,5.089542193555223
168,0.0,0.0031204523026687058,0.1039384576889184,41.6173677530741,0.37605958470460354,-0.37605958470460354
169,0.0,0.19475333447806115,0.12093995418904364,16.218795952088062,-1.3661147761503007,1.3661147761503007
170,0.0,0.16730487909476316,0.07484395042538054,89.48933952396325,-0.15828235243836208,0.15828235243836208
171,0.0,-0.0638755833526171,0.06807412331371086,99.66581582116196,-1.3625446941139576,1.3625446941139576
172,0.0,0.02970307595700444,0.08353747179072636,37.22055643359729,-0.2863387761946177,0.2863387761946177
173,0.0,0.06581774530437375,0.09070577713838057,21.133332608122036,-3.302051186600294,3.302051186600294
174,0.0,0.15986143379024803,0.08977154703808315,53.46357490677344,-4.068485683568929,4.068485683568929
175,0.0,-0.12066874862057235,0.0625872188741799,56.48006684139328,-0.636810963436746,0.636810963436746
176,0.0,0.1277343455775584,0.06668286382176299,87.56056952042002,-3.606819328347682,3.606819328347682
177,0.0,-0.04861317198200561,0.07776996770771187,20.904065606798195,-3.3790995555004013,3.3790995555004013
178,0.0,-0.160673088164576,0.08308601370452359,36.79770336211748,-2.9110650070346864,2.9110650070346864
179,0.0,0.04793009357915087,0.09671943753480357,50.06237115587676,-1.9650416819498866,1.9650416819498866
180,0.0,0.09478184163657176,0.08003779109624537,78.18075592818235,-2.707987822506968,2.707987822506968
181,0.0,0.1365403351677192,0.08460577756302579,63.335574172273645,-4.749902586836038,4.749902586836038
182,0.0,0.027718059045928917,0.08481228539417923,2.3245145111004395,-3.2872368056657812,3.2872368056657812
183,0.0,-0.0429325711975978,0.07491192800015777,52.74563835296352,-6.446806304448853,6.446806304448853
184,0.0,-0.11970561714566694,0.0613696357798427,55.03895224872606,-0.7495370979456251,0.7495370979456251
185,0.0,-0.06644055685576043,0.06090645807242813,77.58186733951472,-5.204115311213496,5.204115311213496
186,0.0,0.03946134269739757,0.07141032239327423,93.2244628268524,-4.208766678856901,4.208766678856901
187,0.0,0.022681525332442137,0.08761423483891312,54.27832954649481,-1.8956698414780513,1.8956698414780513
188,0.0,-0.10580604700948182,0.04705447584516751,17.749705829073847,-3.4791259927826266,3.4791259927826266
189,0.0,0.016483595752882142,0.0944293800943288,52.96685898299618,1.0860291908134716,-1.0860291908134716
190,0.0,-0.16812574649604628,0.09114286873449494,12.903424005756136,-4.585713819446897,4.585713819446897
191,0.0,-0.3456004890969208,0.06727826663299916,29.263719757134822,-1.4658982613016343,1.4658982613016343
192,0.0,-0.19906419213052792,0.045408181787340324,7.960803333477251,-2.078565636454991,2.078565636454991
193,0.0,-0.2840289837511227,0.05239687981857635,96.39720099390242,-4.336186995482395,4.336186995482395
194,0.0,0.08518475598863229,0.07021954077142344,80.72194395733541,-0.9534466789364926,0.9534466789364926
195,0.0,-0.05322467045538347,0.06705991367701213,39.466995310356744,-2.343092662444496,2.343092662444496
196,0.0,-0.26221494492014913,0.04496072229931539,31.07590532548492,-0.4564188975726653,0.4564188975726653
197,0.0,-0.19208703705763744,0.05946025486974759,11.433027326492894,-0.3529916920725371,0.3529916920725371
198,0.0,0.06522640644435161,0.08833870962169393,27.214139388795367,2.3264718985613797,-2.3264718985613797
199,0.0,0.08831280008450362,0.07977561510984169,88.09925760660755,0.6730558988727839,-0.6730558988727839
250,1.0,0.2431021864222172,0.04307721129915665,17.929413741262778,3.563194629358276,-3.563194629358276
251,1.0,0.2855792266711013,0.035291469929592555,41.05400210646022,0.2726360905608016,-0.2726360905608016
252,1.0,0.12016965502497427,0.033954184236997205,13.69434756652228,2.425859489962339,-2.425859489962339
253,1.0,-0.08483919149128377,0.02035286165412946,69.96578679539189,1.0420147485647144,-1.0420147485647144
254,1.0,0.19370016986451974,0.069289755934565,56.4607026949329,4.07461625321056,-4.07461625321056
255,1.0,0.3829227902496551,0.06069905839860001,7.614729619189687,4.084247430968018,-4.084247430968018
256,1.0,-0.10648987455801857,0.008347151256902415,30.687048815257402,-0.17679213539075267,0.17679213539075267
257,1.0,0.1308384953056267,0.04321555680835809,88.54805541148075,-2.150091866185166,2.150091866185166
258,1.0,0.30480616190226373,0.052963726092109836,66.69429676394185,-2.748815192005246,2.748815192005246
259,1.0,0.3394027898845417,0.06529661003728929,77.2936927845094,3.8311381373216156,-3.8311381373216156
260,1.0,0.06437967938965684,0.018133157294669144,54.181778745080564,-1.566577773352087,1.566577773352087
261,1.0,-0.07030797578412849,0.023565840535186955,4.8879713233162985,0.47955093710393726,-0.47955093710393726
262,1.0,0.09957730102927013,0.014272024068226266,76.0512549714804,0.21105788464847564,-0.21105788464847564
263,1.0,0.35265669163361246,0.05187442050363196,26.03852187779997,1.8422981111913612,-1.8422981111913612
264,1.0,0.0023734502204401033,0.054737336652247795,26.26559709956757,-3.808839417539521,3.808839417539521
265,1.0,-0.029145756203590167,0.04463080680304759,82.83859264942328,2.5663357903814856,-2.5663357903814856
266,1.0,0.2522685238023134,0.022713785850205184,36.798480630528864,3.571673071502617,-3.571673071502617
267,1.0,-0.03372163760665705,0.020337424832229303,20.08331085912246,2.265266261133984,-2.265266261133984
268,1.0,0.08867274359538316,0.02216911129211482,24.967354989219658,1.0673414849045848,-1.0673414849045848
269,1.0,0.09624840187578498,0.02205835022215742,8.3689417671021,2.2922004988063502,-2.2922004988063502
270,1.0,0.03734056789079551,-0.0007903422662945784,77.39844757761821,3.1971390369203907,-3.1971390369203907
271,1.0,0.2228479134129546,0.04938809505044107,37.62219523833432,-6.31777826927995,6.31777826927995
272,1.0,0.04047286694977183,0.013252486803086706,61.887442826302,7.867736924752083,-7.867736924752083
273,1.0,-0.009262888481243417,-0.032445262542674776,58.80672199475379,3.170279968063779,-3.170279968063779
274,1.0,0.15956035816292735,0.0008814021303822509,36.72996356591327,0.042774252838939875,-0.042774252838939875
275,1.0,0.12556025309028948,0.017210878777764966,70.50086920963969,0.8271398744371967,-0.8271398744371967
276,1.0,0.16210976216291872,0.006155131442751732,51.13985259108339,3.4812253320475652,-3.4812253320475652
277,1.0,0.1443992338311761,0.040211420297514455,28.4552923778268,1.6516881828969003,-1.6516881828969003
278,1.0,-0.11946781328810381,0.0230150318398992,78.00981341164041,-4.092053403344483,4.092053403344483
279,1.0,-0.09643334997794514,0.0033830538478420804,22.619133047365715,8.193478584077958,-8.193478584077958
280,1.0,0.26572572783221815,0.0010204633242838332,2.7026899566827134,1.6683780283025822,-1.6683780283025822
281,1.0,-0.048487463991208055,-0.023948463066844825,51.894766109652956,5.060518135147399,-5.060518135147399
282,1.0,0.03225369424531101,0.014655196916826521,33.05227067305652,-0.07614954335317359,0.07614954335317359
283,1.0,0.16339647715220487,0.016538844560109536,45.47857261973326,6.609131162737393,-6.609131162737393
284,1.0,0.12191163581224537,0.015220231817681172,17.522098134652985,2.8590310666768386,-2.8590310666768386
285,1.0,-0.03936843673976416,-0.030529047665026638,53.056665845622476,3.8265315034263523,-3.8265315034263523
286,1.0,0.14009097221331923,0.01717147029280956,36.281749774715344,-1.1357600984408642,1.1357600984408642
287,1.0,0.09230202834553937,-0.006822382199986339,80.26240116070801,5.633435869048102,-5.633435869048102
288,1.0,-0.10008399938215809,-0.015739388705596404,31.448618750211722,4.069454493604365,-4.069454493604365
289,1.0,0.14930285291682427,0.021083157178247977,73.25350324941148,5.905538688694995,-5.905538688694995
290,1.0,-0.16921233195193067,-0.004853517908613401,20.639500088697503,0.11573732107526324,-0.11573732107526324
291,1.0,0.024648937434806006,0.016776593911702064,11.097579888067832,0.5569186446176368,-0.5569186446176368
292,1.0,-0.030173925066643303,-0.009580492076525535,40.21791202560506,8.911750093051825,-8.911750093051825
293,1.0,0.07616475941785929,0.004478698766405214,91.06920189762981,-1.1800474681646418,1.1800474681646418
294,1.0,-0.23641914217560422,-0.059182608006876296,66.47896003924127,1.5921508979650376,-1.5921508979650376
295,1.0,0.1414952790663559,-0.0010738960634957477,67.68243660357149,5.410674087808086,-5.410674087808086
296,1.0,-0.05775146099801376,-0.026562465640874902,8.085618385175518,2.2931749031445667,-2.2931749031445667
297,1.0,0.11643359968387534,-0.0035533239587846044,78.19379064669904,3.748861039259881,-3.748861039259881
298,1.0,-0.009599171355920666,-0.011977359762682223,5.192888861621325,0.8016529122113745,-0.8016529122113745
299,1.0,-0.04915691005750571,-0.01043054829582235,34.80922563736895,3.110167663542556,-3.110167663542556
300,1.0,-0.055986943658861726,0.0019088485387964951,83.15870443352904,-1.9195805552059495,1.9195805552059495
301,1.0,-0.017091745776689014,-0.004978682588561958,66.82518675842132,6.974392038854564,-6.974392038854564
302,1.0,-0.12971211809844999,-0.019111023264759646,45.69656079419393,1.6455078646142907,-1.6455078646142907
303,1.0,-0.10348527015620324,-0.04505817383872883,11.740837191741338,-0.040534611990551195,0.040534611990551195
304,1.0,0.024695855607084503,-0.023841454003129203,31.439796285832077,3.999149246095743,-3.999149246095743
305,1.0,-0.2222507190552015,-0.033794433975263646,50.24219248009379,0.6178406378343402,-0.6178406378343402
306,1.0,0.17596022892675395,-0.004905726031049798,15.363377442378912,-2.0027754142082603,2.0027754142082603
307,1.0,0.06738441045173833,-0.01172650909849591,80.15602065996337,-2.0401525173926665,2.0401525173926665
308,1.0,0.09307947347668359,-0.01562437740585996,35.02804160726267,4.081319458070397,-4.081319458070397
309,1.0,0.03400673269405769,-0.054429341092469274,35.706766347209815,1.5212796855611992,-1.5212796855611992
310,1.0,0.07385460505492637,-0.032479629034349256,75.73934754880123,1.5988953209946826,-1.5988953209946826
311,1.0,-0.0009369199725520176,-0.028237810935016906,27.745082235181084,5.233231417928788,-5.233231417928788
312,1.0,-0.09250888619364722,-0.04535061973514032,9.858970503827802,-1.3804774262702306,1.3804774262702306
313,1.0,0.20328101527261833,0.0038080026504106906,14.585157379675273,-0.19203325859447462,0.19203325859447462
314,1.0,0.040621786909062846,-0.026479990882689205,11.20057174482727,0.8453605724561737,-0.8453605724561737
315,1.0,-0.025899511129415933,-0.026895893514414182,95.64048272401986,2.283054767951222,-2.283054767951222
316,1.0,0.057867572278584384,-0.037323173966565516,41.449005789741875,1.8734856461282632,-1.8734856461282632
317,1.0,0.04056034667783626,-0.02037690826249463,52.59008220482464,1.1393384228302772,-1.1393384228302772
318,1.0,-0.013465009216850348,-0.022101797131464842,75.88437816836175,1.8151207937130578,-1.8151207937130578
319,1.0,0.23857380175307166,-0.010319565936957896,9.93552783402486,1.678084171126476,-1.678084171126476
320,1.0,0.15766746904431503,-0.007268388488128226,31.081488853988336,-0.15881316565537862,0.15881316565537862
321,1.0,0.060893125731623976,-0.055796001532571,59.26575567703599,-0.43897896566223205,0.43897896566223205
322,1.0,-0.08363173982794822,-0.034665568704432534,48.85640405814188,2.8235490731718187,-2.8235490731718187
323,1.0,0.14094862212547304,-0.04085251830818557,17.95841235098643,-0.6727452489865837,0.6727452489865837
324,1.0,0.13194350852064327,-0.005418403905371441,13.78854081976394,-1.4720657775725607,1.4720657775725607
325,1.0,-0.11349048300921491,-0.08025879354977439,75.8550316306849,1.0631232466229201,-1.0631232466229201
326,1.0,0.1309211789604038,-0.029776869798340173,31.73768192419638,1.5269989515085522,-1.5269989515085522
327,1.0,0.1183445213661164,-0.03153486191412672,25.64066528577943,8.770170491894628,-8.770170491894628
328,1.0,-0.05588532099971997,-0.06320618647093451,62.29582807611291,-0.11410082756870121,0.11410082756870121
329,1.0,-0.050019151748914754,-0.056016727230213614,77.1166800304532,4.829782174908484,-4.829782174908484
330,1.0,-0.12583619409006735,-0.06023531772757212,98.1672708100745,4.241565002613895,-4.241565002613895
331,1.0,0.11679037023471607,-0.04224974376016424,66.06507796245089,-1.5668348656112085,1.5668348656112085
332,1.0,-0.02585217173517542,-0.052806586971703075,21.375924041199767,4.319758932207799,-4.319758932207799
333,1.0,0.1609825526260188,-0.02407798187819222,5.909657290608439,-1.5516419205799532,1.5516419205799532
334,1.0,-0.07556828699532774,-0.029234316298400412,67.62832245693882,-5.977516713990223,5.977516713990223
335,1.0,-0.13210362256990685,-0.07717609594999124,2.242091245945288,3.818958573078142,-3.818958573078142
336,1.0,-0.17432565945930975,-0.05441963032019029,17.97163046688368,-3.2676717503131583,3.2676717503131583
337,1.0,0.13489728995752132,-0.0406642442057991,76.64774333963179,3.3528033854177446,-3.3528033854177446
338,1.0,0.08534743612555225,-0.02521098456911231,57.94184966600551,-0.052032693211649494,0.052032693211649494
339,1.0,0.24972873327914874,-0.04718950134542879,35.8376106302981,6.978652388569616,-6.978652388569616
340,1.0,0.13161476240116915,-0.026204187671588705,97.41876386732541,5.205528197948027,-5.205528197948027
341,1.0,0.23493407419319448,-0.03727269596969764,56.8313062915756,0.639842588445837,-0.639842588445837
342,1.0,-0.20285473876893015,-0.09911453821081691,81.86944249101936,-0.06351283308604705,0.06351283308604705
343,1.0,0.15507996366691443,-0.08934866498841815,14.13004263437594,-1.642232209282362,1.642232209282362
344,1.0,0.30063132130253223,-0.00858115243792156,33.27571873043905,0.6772321031222259,-0.6772321031222259
345,1.0,0.21618020260046378,-0.036747244190226576,90.33952912790707,1.1589335144464727,-1.1589335144464727
346,1.0,-0.1770011023575606,-0.07908728588773438,38.92468270667357,0.9059193668249439,-0.9059193668249439
347,1.0,0.1568515858830443,-0.03183776489973172,68.45586582626555,2.470111565817092,-2.470111565817092
348,1.0,0.017997606572174963,-0.06743387237890695,55.82245342089459,3.735564493186635,-3.735564493186635
349,1.0,0.22962961720642974,-0.03633959988030075,49.13341416406468,3.048963370979522,-3.048963370979522
350,1.0,-0.10925582480864116,-0.07155836311800243,84.30423321489612,-0.292431771719329,0.292431771719329
351,1.0,0.14893207417297466,-0.033143260886116015,37.36088398979482,-2.3133744214047356,2.3133744214047356
352,1.0,0.3333390179300617,-0.01924519955059541,47.24507666120116,6.093595544307414,-6.093595544307414
353,1.0,0.21778140082476408,-0.062064008499680884,62.59895562443445,-0.06834755364981282,0.06834755364981282
354,1.0,0.2725300006740756,-0.05953983290676056,64.32238888099594,0.04311920019494275,-0.04311920019494275
355,1.0,0.1377899260175311,-0.0432662013268742,26.71100125760174,0.4364320630966674,-0.4364320630966674
356,1.0,0.06083733418550696,-0.061422110817938816,70.99627069254439,-3.529208650469945,3.529208650469945
357,1.0,0.2646386617202073,-0.06706564359723803,87.27359559005312,0.56607798787854,-0.56607798787854
358,1.0,0.04527593276362066,-0.06514465876613347,26.754076194884192,0.561032557976157,-0.561032557976157
359,1.0,0.20774784634845628,-0.07494639155630135,45.19622735719967,3.8610748950305376,-3.8610748950305376
360,1.0,0.08826286744595062,-0.06870429626696187,11.452648555486133,4.095371447322008,-4.095371447322008
361,1.0,0.1552348157675205,-0.06931777125533217,8.43236115339029,2.011312667258808,-2.011312667258808
362,1.0,-0.04424495965073793,-0.07131428509510583,13.449525103018278,4.7955451223429115,-4.7955451223429115
363,1.0,0.20131668311215853,-0.03596003545372262,54.43992183960097,3.019894951403786,-3.019894951403786
364,1.0,0.30898149243765866,-0.055650754365153265,78.90624810060035,1.9529536651923356,-1.9529536651923356
365,1.0,0.0759371358278149,-0.07592079965777866,2.290384515079924,2.482784504894669,-2.482784504894669
366,1.0,0.060862717646391,-0.08058550224936022,26.31573665625072,1.428039519255802,-1.428039519255802
367,1.0,0.23745956571440113,-0.1152969627233827,32.18634676073682,0.815451457899649,-0.815451457899649
368,1.0,0.14868535987498566,-0.09007830774690045,18.275783149635572,1.1967993893181006,-1.1967993893181006
369,1.0,0.11847531373474429,-0.08223073101850614,55.22376709280415,-1.3840339944100206,1.3840339944100206
370,1.0,0.013708405090668365,-0.08079168929362725,97.25241428624606,2.841325115948888,-2.841325115948888
371,1.0,0.3700675559937001,-0.07525259676792807,42.74966780769757,-0.9793708327887423,0.9793708327887423
372,1.0,0.20534488231476614,-0.05242454059939457,40.48772615571274,4.52489379222091,-4.52489379222091
373,1.0,0.29514275164901477,-0.05302248246590957,24.6335814663606,1.2516242595171534,-1.2516242595171534
374,1.0,0.09932241583585813,-0.05309838387293168,50.05181479486305,2.148484944950272,-2.148484944950272
375,1.0,0.17429741605983537,-0.09996173972830882,46.19976947661524,3.481510328842869,-3.481510328842869
376,1.0,0.4344837351583558,-0.03797886037554449,73.87835859567856,3.9299433951887837,-3.9299433951887837
377,1.0,0.3244276952404384,-0.05211590116954998,57.148330546865786,-2.711870225900358,2.711870225900358
378,1.0,0.2632343968315242,-0.08294907825209191,32.67680711076208,1.379288971508085,-1.379288971508085
379,1.0,0.1393960475649303,-0.09607099914297398,61.065091017865555,4.640536736242346,-4.640536736242346
380,1.0,0.2558371509758511,-0.06097014323985819,35.23381360332274,-3.0943174582967634,3.0943174582967634
381,1.0,0.34800186115072396,-0.07048252650315885,10.68193066016262,3.16184142618519,-3.16184142618519
382,1.0,0.2585827716521793,-0.0910716346783404,37.69323017657287,-4.766692688206568,4.766692688206568
383,1.0,0.28518991776605807,-0.06740817686989847,6.852474696235422,-1.0675205309068105,1.0675205309068105
384,1.0,0.4485896799043836,-0.08002148088149726,53.009434372997,2.1158916555205645,-2.1158916555205645
385,1.0,0.26198319128710285,-0.06594739885050713,35.18907105465695,-2.970145306965861,2.970145306965861
386,1.0,0.24479706366632478,-0.061170975180358106,73.32851378105357,-0.9565322130524518,0.9565322130524518
387,1.0,0.13376612033686244,-0.09956738609420585,62.10218315838332,-2.415505022390761,2.415505022390761
388,1.0,0.29262250251146016,-0.0742248472733626,23.480627099346087,6.9444047966226785,-6.9444047966226785
389,1.0,0.17771524673692513,-0.06309610127114366,50.64686503918087,2.492683266462002,-2.492683266462002
390,1.0,0.5169997972584148,-0.06566992239124032,35.95446805705846,3.701870833558008,-3.701870833558008
391,1.0,0.2866973633593492,-0.09575908315302332,99.86050669349089,1.3319746984545366,-1.3319746984545366
392,1.0,0.4071165303802439,-0.06819854081129605,2.242043619617917,0.9397047537284027,-0.9397047537284027
393,1.0,0.44178832898175796,-0.06345141068600886,78.77739523633555,-2.8494225659530974,2.8494225659530974
394,1.0,0.23820093657502084,-0.06386744304328208,16.027849452782515,1.1244879117564115,-1.1244879117564115
395,1.0,0.29888607071018924,-0.06654129298643131,78.30814277946553,-0.2844766354348698,0.2844766354348698
396,1.0,0.40832253476719677,-0.04121160618244932,49.17257350850264,4.573771772877009,-4.573771772877009
397,1.0,0.23184826812295392,-0.08140148654255254,43.79177197161964,5.42330559997272,-5.42330559997272
398,1.0,0.3084029214988492,-0.08850445145460277,74.98848109452287,6.399736146722533,-6.399736146722533
399,1.0,0.2910914681329566,-0.08182842799550202,15.047084006074273,4.5576558183836955,-4.5576558183836955
400,1.0,0.6011346746284542,-0.06019806198529966,40.49502784055261,0.20403818923104167,-0.20403818923104167
401,1.0,0.37567482214808134,-0.07521015658825762,41.36305646695312,-1.3476909578811833,1.3476909578811833
402,1.0,0.5406461069569714,-0.06486271607695096,54.85565522663812,4.299989544935258,-4.299989544935258
403,1.0,0.4712546901523836,-0.07066517936103493,42.89129644571011,3.068878452416867,-3.068878452416867
404,1.0,0.2730646214870073,-0.06282920981323181,97.83204584848144,-3.305615352031092,3.305615352031092
405,1.0,0.44912172826154073,-0.05380781594992606,5.175500274881017,3.0664453782313075,-3.0664453782313075
406,1.0,0.48626921177265614,-0.0837634931383998,99.02065126370574,4.443559467463599,-4.443559467463599
407,1.0,0.6467029243435244,-0.0378717545011188,71.1488931120788,2.1767767675448897,-2.1767767675448897
408,1.0,0.5465621610404561,-0.03382980980927975,75.8313503039262,1.4448389869719755,-1.4448389869719755
409,1.0,0.39700254759486475,-0.06288594358292939,32.35242998906994,-0.422945462849067,0.422945462849067
410,1.0,0.47974190980962256,-0.0664021031072874,24.534006911436677,-2.339604098690163,2.339604098690163
411,1.0,0.36136883802245295,-0.07357121167711465,25.50344665321046,4.4008938480200825,-4.4008938480200825
412,1.0,0.4618825678243792,-0.05737049120353071,67.72535763763517,1.0726566656848737,-1.0726566656848737
413,1.0,0.7203511003977413,-0.02687503325561416,87.7430077964581,1.2996000153689218,-1.2996000153689218
414,1.0,0.5910129302901039,-0.08055836193908299,31.71721843466471,7.1981635607574,-7.1981635607574
415,1.0,0.6311589189176846,-0.048502332506296424,63.82610807644385,4.053503320577571,-4.053503320577571
416,1.0,0.5219289269810983,-0.06626119999589956,89.8610245168123,3.112475003843306,-3.112475003843306
417,1.0,0.6106498205540716,-0.04901918205000164,99.48892448803572,2.426185415561707,-2.426185415561707
418,1.0,0.43590874633699334,-0.06647753694313731,52.69808276857073,6.559984582297318,-6.559984582297318
419,1.0,0.6169489104044684,-0.06012624502213353,96.41956038981925,7.158767922248583,-7.158767922248583
420,1.0,0.5461327870129488,-0.07110892573041892,95.56535182262287,4.788515334438584,-4.788515334438584
421,1.0,0.8318851068598561,-0.02842056145121985,72.32108498888688,3.7466737741937726,-3.7466737741937726
422,1.0,0.5916078688156069,-0.06779048040279004,60.960559650329415,-4.283809213618435,4.283809213618435
423,1.0,0.6017618726743368,-0.0751058994806512,70.38448616154575,2.3711657427005197,-2.3711657427005197
424,1.0,0.5214156116495109,-0.05793109235575819,96.83576829532656,1.6096791374188881,-1.6096791374188881
425,1.0,0.26273245801960554,-0.07123627679187414,23.9438257290035,2.281859688156706,-2.281859688156706
426,1.0,0.45619307628478467,-0.08382339850233281,99.96180561509254,4.829138261967554,-4.829138261967554
427,1.0,0.47940068213826675,-0.06382836827166687,38.272929960980505,-6.219031501568669,6.219031501568669
428,1.0,0.43447128019734826,-0.06019326943784439,20.14407312746621,0.2920638395894448,-0.2920638395894448
429,1.0,0.5791316891896304,-0.056540488846898974,5.72215889913169,2.809713064822284,-2.809713064822284
430,1.0,0.752486928164183,-0.06048772113879877,51.44887488684976,0.5994633618417124,-0.5994633618417124
431,1.0,0.6514270364478792,-0.05648348942742623,84.59094809061116,-2.2507183393787784,2.2507183393787784
432,1.0,0.5835962401235559,-0.0770350911061422,64.4830828982628,4.606890460690386,-4.606890460690386
433,1.0,0.6724370035135315,-0.05099728446323292,99.67101191937596,2.830615717538384,-2.830615717538384
434,1.0,0.6134952070431603,-0.03501613605962247,81.6013387949966,-0.913313711333454,0.913313711333454
435,1.0,0.7170175440750612,-0.07192320500664359,72.390761138985,2.9444516135474714,-2.9444516135474714
436,1.0,0.584093741029646,-0.07020273596645106,1.0693111993851812,4.464757136149387,-4.464757136149387
437,1.0,0.6616951699297353,-0.07687916118831795,84.12124339221468,2.0158779388980825,-2.0158779388980825
438,1.0,0.6030560229925458,-0.06868681604935288,10.657277165020073,4.40169441029299,-4.40169441029299
439,1.0,0.5565867383448427,-0.08615405235915653,43.611212556945326,2.234780525484984,-2.234780525484984
440,1.0,0.7501086719276178,-0.07585245637003646,32.014166334956315,0.8143130520369368,-0.8143130520369368
441,1.0,0.706679035802597,-0.056200833999823875,18.54734095689764,-1.4782615491997388,1.4782615491997388
442,1.0,0.5828872708581577,-0.0642880471693745,45.554254953452435,1.7422076990851618,-1.7422076990851618
443,1.0,0.7752069985057041,-0.06421140027680168,17.93240151081381,2.582878814137315,-2.582878814137315
444,1.0,0.6993620713211575,-0.06569763792639245,45.28511075386083,4.627498284761993,-4.627498284761993
445,1.0,0.7315418384998437,-0.038014020966827364,71.59061381623214,1.6546775945383199,-1.6546775945383199
446,1.0,0.82752113622292,-0.055692930441681214,65.64900454549715,3.3722468186629726,-3.3722468186629726
447,1.0,0.8057413508993213,-0.005620790932482524,95.14202569686869,-0.893836041201185,0.893836041201185
448,1.0,0.5655107005051367,-0.07141930587871297,18.769565345022865,-0.3478874674825754,0.3478874674825754
449,1.0,0.9821126346011175,-0.06462374346575132,37.59632712304225,1.6688321029193367,-1.6688321029193367
